On-Target + PAM (23 bp DNA),On-Target Sequence (35 bp DNA),On-Target Heuristic,On-Target Score
CCAGTTCACGCTGATGGCGACGG,,,
,ACTGCGCCAGTTCACGCTGATGGCGACGGAAACCG,15.62988285,60.24517759
CCAGTTCACGCTGATGGCGACGG,,,
,ACTGCGCCAGTTCACGCTGATGGCGACGGCAACCG,21.62766078,62.75094549
Spacer (20 bp RNA),Off-Target Sequence (35 bp DNA),Off-Target Score,Off-Target Count
CCAGUUCACGCUGAUGGCGA,,,
,GTTCGTCCAGTTCGCGCAGATGGCGCTGGATTTCC,7.954612458,134
,TTCCAACCTGTTCACGCTGACCGCGACGGGCGCGA,41.78623279,2
,GACCTCCCGGTTCACGCTGGTGGCAAAGGGAATGG,24.65661646,1
,GTTCGTCCAGTTCGCGCAGATGGCGCTGGATATCC,7.954612458,1
